From which extraembryonic structure do primordial germ cells (PGCs) originate?,The yolk sac.
During which weeks of gestation do primordial germ cells migrate to the dorsal body wall?,The fourth to sixth weeks.
To which specific embryonic structure do primordial germ cells migrate to initiate gonad development?,The genital ridges (gonadal ridges).
What type of cells are recruited by pre-Sertoli cells to differentiate into Leydig cells?,Mesenchymal cells.
"Which gene, expressed exclusively in pre-Sertoli cells, orchestrates male embryonic development?",The SRY gene.
"In the male embryo, the primary sex cords eventually differentiate into which structures?",Seminiferous cords.
Which hormone produced by fetal Sertoli cells causes the regression of the paramesonephric (Müllerian) ducts?,Anti-Müllerian hormone (AMH) or Müllerian-inhibiting factor (MIF).
What hormone is responsible for the growth and differentiation of the mesonephric (Wolffian) ducts into male excurrent ducts?,Testosterone.
"Prior to puberty, the future seminiferous tubules exist as solid structures called _____.",Seminiferous cords.
What is the collective term for the process by which spermatogonia develop into mature sperm?,Spermatogenesis.
What are the three distinct phases of spermatogenesis?,"Spermatogonial phase, spermatocyte phase (meiosis), and spermatid phase (spermiogenesis)."
Which phase of spermatogenesis involves stem cell division to replace the population and provide committed progenitors?,The spermatogonial phase.
"In the spermatogonial phase, which cells serve as the permanent reservoir of stem cells?",Type A dark spermatogonia.
Which specific cell type represents the final event of the spermatogonial phase before entering meiosis?,Type B spermatogonia.
At what life stage does the process of spermatogenesis typically begin?,Shortly before puberty.
What is the ploidy and DNA content of a primary spermatocyte before it begins Meiosis I?,2n chromosome number and 4d DNA amount.
Meiosis I is referred to as a _____ division because it reduces the chromosome number from diploid to haploid.,Reductional.
What is the resulting cell type immediately following the completion of Meiosis I in males?,Secondary spermatocytes.
What is the ploidy and DNA content of a secondary spermatocyte?,1n chromosome number and 2d DNA amount.
Meiosis II is referred to as an _____ division because it involves the separation of sister chromatids without changing ploidy.,Equatorial.
What is the resulting cell type immediately following the completion of Meiosis II in males?,Spermatids.
What is the ploidy and DNA content of a spermatid?,1n chromosome number and 1d DNA amount.
The process by which spermatids differentiate into mature spermatozoa without further division is called _____.,Spermiogenesis.
In which phase of spermiogenesis do PAS-positive granules accumulate in the Golgi complexes?,The Golgi phase.
"The acrosomal vesicle, containing hydrolytic enzymes, is derived from which organelle?",The Golgi apparatus.
"During the _____ phase of spermiogenesis, the acrosomal vesicle spreads to cover the anterior half of the condensing nucleus.",Cap.
What happens to the spermatid nucleus during the acrosome phase of spermiogenesis?,It condenses and elongates.
What is the function of the manchette during the acrosome phase?,It is a temporary microtubular structure that helps shape the spermatid.
"The final phase of spermiogenesis, involving the reduction of excess cytoplasm, is called the _____ phase.",Maturation.
What is the term for the excess cytoplasm discarded by the spermatid and phagocytosed by Sertoli cells?,The residual body.
What is the name of the process by which mature spermatids are released from Sertoli cells into the tubule lumen?,Spermiation.
"Where are newly released, nonmotile sperm carried for further maturation and to acquire motility?",The epididymis.
Approximately how many days are required for a spermatogonium to complete the entire process of spermatogenesis in humans?,74 days.
The constant and specific time interval it takes for a local area of seminiferous epithelium to return to the same cell association is the _____.,Cycle of the seminiferous epithelium.
What is the duration of one cycle of the human seminiferous epithelium?,16 days.
What physical structure ensures the synchronous development of a clone of spermatogenic cells?,Intercellular (cytoplasmic) bridges.
Which non-proliferating cells span the thickness of the seminiferous epithelium and act as 'nurse' cells for developing sperm?,Sertoli cells (sustentacular cells).
"What structure, formed by tight junctions between adjacent Sertoli cells, creates an immune-privileged environment for developing sperm?",The blood-testis barrier.
Where are spermatogonia located within the seminiferous epithelium relative to the blood-testis barrier?,The basal compartment (below the junctional complex).
Where do meiosis and spermiogenesis occur relative to the blood-testis barrier?,The luminal (abluminal) compartment.
Which interstitial cells are located in the connective tissue between seminiferous tubules and produce testosterone?,Leydig cells.
What is the term for the terminal step of functional maturation that sperm undergo in the female reproductive tract to become fertile?,Capacitation.
How many spermatids are produced from a single primary spermatocyte at the end of meiosis?,Four.
"In the mature spermatozoon, which part contains the coiled mitochondria providing energy for motility?",The midpiece.
The principal piece and end piece of the sperm tail primarily consist of the _____.,Axonemal complex.
What contractile cells surround the seminiferous tubule and facilitate the flow of fluid and sperm?,Peritubular (myoid) cells.
During which phase of Meiosis I does the recombination of genetic material (crossing-over) occur?,Prophase I.
The _____ contains 23 paternal chromosomes and forms after the sperm nucleus is incorporated into the oocyte.,Male pronucleus.
"According to the Histology text, approximately how many sperm cells are produced daily in the human testis?",300 million.
Which specific hormone triggers the commencement of spermatogenesis at puberty?,Testosterone.
The transition of spermatogenic cells from the basal to the luminal compartment is facilitated by the remodeling of _____.,Sertoli cell junctional complexes.
What is the clinical significance of the 74-day duration of spermatogenesis regarding drug therapy?,It takes approximately 86 days (including epididymal transit) to see the effects of a drug on sperm production.
"What is the term for the small, pale-staining precursor cells found in the seminiferous cords of a newborn?",Gonocytes.
Which part of the sperm contains the enzymes necessary for penetrating the zona pellucida?,The acrosome.
The arrangement of specific cell types together in the seminiferous epithelium is known as a _____.,Cell association.
"In the human seminiferous epithelium, how many recognizable stages (cell associations) are typically described?",Six stages.
What is the primary function of the tail (flagellum) of the spermatozoon?,To provide motility (propulsion).
Which embryonic cells give rise to the Sertoli cells of the seminiferous tubules?,Somatic support cells (from coelomic epithelium).
"In males, what prevents germ cells from entering meiosis during fetal life?","Meiosis inhibitors (e.g., Prostaglandin D_{2}, Tdl protein) produced by Sertoli cells."
What marks the beginning of the two-cell stage of embryonic development?,The first mitotic division (cleavage) of the zygote.
Are secondary spermatocytes required to pass through an S phase before Meiosis II?,"No, they enter Meiosis II without synthesizing new DNA."
Which organelles are eliminated from the cytoplasm of the zygote after fertilization?,Sperm mitochondria.
The syncytium-like nature of developing spermatogenic cells is due to _____ cytokinesis during division.,Incomplete.
Which cell type in the seminiferous epithelium has a large round nucleus with a distinctive chromatin pattern due to reorganization for meiosis?,Spermatocytes.
Type A pale spermatogonia serve as _____ progenitor cells that will differentiate into Type B cells.,Committed.
What connective tissue layer surrounds the entire testis and contributes to the formation of testicular septa?,The tunica albuginea.
The _____ connects the seminiferous tubules to the efferent ductules.,Rete testis.
What is the ploidy of a human zygote?,Diploid (2n) with 46 chromosomes.
Which male-derived structure is essential for the alignment of the mitotic spindle in the first embryonic cleavage?,The male centrosome.
Spermatogonia are derived from _____ that migrate from the yolk sac to the genital ridge.,Primordial germ cells (PGCs).