Which mode of bone development involves the direct differentiation of mesenchymal cells into osteoblasts without a cartilage precursor?,Intramembranous ossification.
Which process of bone formation requires a hyaline cartilage model to serve as a template?,Endochondral ossification.
The bones of the extremities and the weight-bearing parts of the axial skeleton develop through which method of ossification?,Endochondral ossification.
Most bones of the face and the cranial vault are classified as _____ bones because of their developmental origin.,Dermal (or membrane).
Which transcription factor is essential for the differentiation of mesenchymal cells into the chondrogenic lineage?,Sox9.
"Which transcription factor, also known as Cbfa1, is required for osteoblast differentiation in both types of ossification?",Runx2.
"Which specific somitic subdivision gives rise to the vertebral bodies, vertebral arches, and ribs?",Sclerotome.
What embryological structure forms the rudiment of the vertebral body by migrating to surround the notochord?,The ventral portion of the sclerotome.
"During vertebral development, the recombination of the cranial segment of one sclerotome with the caudal segment of the next cranial sclerotome is called _____.",Resegmentation.
"The bones of the limbs, except for part of the clavicle, originate from which embryonic tissue?",Lateral plate mesoderm.
Where is the primary center of ossification typically located in a developing long bone?,The diaphysis (shaft).
Where do secondary centers of ossification establish themselves in long bones?,The epiphyses (ends).
What structure is responsible for the continued growth in length of long bones until early adulthood?,Epiphyseal (growth) plate.
"In endochondral bone formation, a 'mixed spicule' is composed of bone matrix deposited on a framework of _____.",Calcified cartilage.
"From which specific region of the axial mesenchymal condensations do joints, ligaments, and capsules develop?",The interzone.
"The sternum and its components (manubrium, body, xiphoid process) originate from which embryonic layer?",Lateral plate mesoderm.
"While most of the appendicular skeleton is endochondral, which bone is partially formed through intramembranous ossification?",The clavicle.
From which cell lineage do osteoclasts arise?,The hematopoietic system.
"Which transitory structure, containing tendon progenitors, develops between the myotome and the sclerotome?",Syndetome.
What is the primary histological characteristic of a skeletal muscle fiber?,It is a multinucleated syncytium.
Which individual precursor cells fuse together to form a mature skeletal muscle fiber?,Myoblasts.
Which protein belonging to the BMP/TGF-\beta superfamily acts as a negative regulator of skeletal muscle growth?,Myostatin.
"Which myogenic structures, formed by the synchronous fusion of early myoblasts, are characterized by a chain of multiple central nuclei?",Primary myotubes.
"Where are the nuclei located in a mature, multinucleated skeletal muscle fiber?",In the peripheral sarcoplasm (just inside the plasma membrane).
"The dorsal portion of the myotome, called the epimere, gives rise to which group of muscles?",Epaxial (deep back) muscles.
Which group of muscles is derived from the ventral hypomere of the myotome?,Hypaxial muscles (lateral and ventral body wall).
Which branch of the spinal nerve innervates the epaxial muscles of the back?,The dorsal ramus.
Which branch of the spinal nerve innervates the hypaxial muscles of the body wall and limbs?,The ventral ramus.
"While the limb bones arise from lateral plate mesoderm, from where do the limb muscles originate?",Somitic (paraxial) mesoderm.
"In the limb bud, which muscle mass gives rise to the flexors and pronators of the upper limb?",The ventral muscle mass.
Which muscle mass in the limb bud gives rise to the extensors and abductors of the lower limb?,The dorsal muscle mass.
What term describes the wave of muscle development that occurs in the embryo and forms postmitotic myocytes?,Primary myogenesis.
Which wave of muscle development occurs in the fetus and provides the bulk of fetal muscle mass?,Secondary myogenesis.
Which quiescent cells are responsible for postnatal muscle growth and repair after damage?,Satellite cells.
Which paired-box transcription factor is required for the survival and development of satellite cells?,Pax7.
The intrinsic and extrinsic muscles of the tongue are derived from which specific group of somites?,Occipital somites.
Which somitic myotomes give rise to the muscle of the diaphragm?,"Cervical somites 3, 4, and 5."
Why is the diaphragm innervated by the phrenic nerves originating from the cervical region?,It carries its innervation with it as it descends from the cervical region.
"Which type of muscle fiber is characterized by slow contraction, oxidative metabolism, and high resistance to fatigue?",Slow (Type I) myocytes.
Which signaling factor and its receptor (c-Met) are necessary for the delamination and migration of limb muscle progenitors?,HGF (Hepatocyte Growth Factor).
Which transcription factor is required for the proper migration of myogenic precursors into the limb buds?,Lbx1.
What specialized attachment sites between adjacent cells are characteristic of cardiac muscle fibers?,Intercalated discs.
"In the development of the hand and foot, what process is responsible for the freeing of individual fingers and toes?",Programmed cell death (apoptosis).
Which transcription factor induces the expression of bone markers such as collagen type I and osteocalcin?,Runx2 (or Cbfa1).
Which zinc-finger transcription factor acts downstream of Runx2 and is essential for osteoblast differentiation?,Osterix.
What is the developmental source of the bones of the face and the frontal bone of the skull?,Neural crest cells.
The parietal bone of the skull develops from which specific embryonic tissue?,Unsegmented cranial paraxial mesoderm.
The 'bony collar' formed during endochondral ossification is produced by osteoblasts derived from which layer?,The periosteum.
Which specific zone of the epiphyseal cartilage is responsible for the increase in the length of long bones?,The zone of proliferation.
What embryonic structure provides the initial scaffold for the development of the vertebral body?,The notochord.
Which transcription factor plays a key role in activating muscle-specific genes and differentiating all skeletal muscle lineages?,MyoD.
What is the typical diameter range of a mature skeletal muscle fiber?,10 to 100 \mu m.
Which part of the somite gives rise to the tendons associated with the axial skeleton?,The syndetome.
At what gestational age do the primary ossification centers for most limb long bones typically appear?,Weeks 7 to 12.
The fusion of paired mesenchymal condensations in the ventral body wall forms which bone?,The sternum.
In which direction does the fusion of the sternal bars occur?,Cranial-to-caudal.
By which age do the chondrocostal cartilages usually begin to ossify in humans?,Approximately 50 years.
"The deep muscles of the back, such as the erector spinae, are derived from the _____.",Epimeres.
The three layers of intercostal muscles in the thorax are derived from the _____.,Hypomeres.
Which type of muscle is found exclusively in the heart and develops from splanchnic mesoderm?,Cardiac muscle.
What is the term for the process where vacuoles within joint interzone tissue coalesce to form a space?,Cavitation.
Which protein is the primary component of the early cartilaginous matrix secreted by chondrocytes?,Type II collagen.
What is the specific myogenic regulatory factor required for the terminal differentiation of myocytes?,Myogenin.
The 'pioneer cells' of the primary myotome originate from which part of the dermamyotome?,The dorsomedial lip (DML).
What is the first evidence of intramembranous ossification in human gestation?,Aggregation of mesenchymal cells around the 8th week.