The urogenital system primarily develops from which embryonic germ layer?,Intermediate mesoderm.
The indifferent stage of the embryo refers to the period when it has the potential to develop into _____.,Either a male or a female.
Which specific gene expression in pre-Sertoli cells orchestrates the male development of the embryo?,The SRY gene.
"During male development, which cells in the testes produce testosterone to stimulate the genital excurrent ducts?",Leydig (interstitial) cells.
What structure is formed by the mesenchyme medial to the mesonephroi at the tenth thoracic segment?,The gonadal ridge.
"In the male embryo, the somatic support cells differentiate into _____.",Sertoli cells.
"In the female embryo, the somatic support cells differentiate into _____.",Follicle cells (or granulosa cells).
The paramesonephric ducts are also known as the _____ ducts.,Müllerian ducts.
The mesonephric ducts are also known as the _____ ducts.,Wolffian ducts.
Which embryonic structure gives rise to the male genital excurrent ducts?,The mesonephric (Wolffian) ducts.
"In females, the proximal portions of the paramesonephric ducts become the _____.",Fallopian tubes (or oviducts).
The fusion of the distal portions of the paramesonephric ducts in females gives rise to the _____ and the _____.,Uterus; vagina.
The cloaca is partitioned into a dorsal anorectal canal and a ventral urogenital sinus by the _____.,Urorectal septum.
The expanded superior portion of the urogenital sinus becomes the _____.,Urinary bladder.
Which fibrous remnant is formed when the allantois and the bladder apex regress?,The urachus (or median umbilical ligament).
The triangular region formed by the incorporation of the mesonephric ducts into the posterior bladder wall is the _____.,Trigone of the bladder.
Induction of the ureteric bud from the mesonephric duct involves the binding of the ligand _____ to the Ret receptor.,GDNF (Gdnf).
"Which receptor, expressed in the mesonephric duct, is essential for the induction of the ureteric bud?",The Ret receptor.
What condition results from the failure of the ureteric bud to form or the metanephric blastema to differentiate?,Renal agenesis.
"The indifferent external genitalia consist of the genital tubercle, paired urogenital folds, and paired _____.",Labioscrotal swellings.
"In the male, the genital tubercle elongates to form the _____.",Penis.
"In the female, the genital tubercle bends inferiorly to become the _____.",Clitoris.
The urogenital folds in the male fuse to enclose the _____.,Penile urethra.
The urogenital folds in the female remain separate to form the _____.,Labia minora.
The labioscrotal swellings in the male fuse to form the _____.,Scrotum.
The labioscrotal swellings in the female become the _____.,Labia majora.
"Which condition is characterized by the failure of the urethral folds to fuse, leading to an abnormal urethral opening on the ventral surface of the penis?",Hypospadias.
"What clinical sequence involves oligohydramnios and Potter facies due to lack of amniotic fluid, often caused by renal abnormalities?",Potter sequence.
The prostate gland develops as an endodermal outgrowth from the _____.,Pelvic urethra.
By which week do the male and female external genitalia become morphologically distinguishable?,The 12th week.
The descent of the testes into the scrotum is guided by a mesenchymal band called the _____.,Gubernaculum.
"In the absence of the SRY protein, somatic support cells in the gonad differentiate into _____.",Follicle cells.
Which embryonic structure provides the definitive kidney system in humans?,The metanephros.
The metanephros begins to develop during the _____ week of gestation.,Fifth week.
The epithelial lining of the urinary bladder is derived from which germ layer?,Endoderm.
"The ureteric bud gives rise to the ureter, renal pelvis, major and minor calyces, and _____.",Collecting ducts.
The nephron (from Bowman's capsule to the distal convoluted tubule) develops from the _____.,Metanephric blastema (or metanephric mesoderm).
What term describes the expansion of the distal hindgut that receives the allantois?,The cloaca.
"The urogenital sinus is divided into three parts: the bladder portion, the pelvic (urethral) portion, and the _____.",Phallic segment.
The penile urethra is formed by the fusion of the _____ folds.,Urogenital (or urethral) folds.
"In females, the phallic portion of the urogenital sinus becomes the _____.",Vestibule of the vagina.
What is the primary cause of Klinefelter syndrome in males regarding sex chromosomes?,"The presence of an extra X chromosome (47,XXY)."
What karyotype is typically associated with Turner syndrome in females?,"45,X."
Which embryonic structure is the precursor to the glans clitoris in females?,The genital tubercle.
"Which hormone, produced by Sertoli cells, causes regression of the paramesonephric ducts in males?",Anti-Müllerian hormone (AMH) or Müllerian-inhibiting substance (MIS).
The primordial germ cells (PGCs) can first be identified in the wall of the _____ during the fourth to sixth weeks.,Yolk sac.
The transition of the cloaca into separate urogenital and anorectal tracts is complete when the urorectal septum fuses with the _____.,Cloacal membrane.
"Primary hypogonadism in males, often caused by failure of Leydig cells, is a component of _____.",Klinefelter syndrome.
Which transcription factor is essential for the development of both the kidney and female sexual characteristics by regulating the paramesonephric ducts?,Wnt4.
The epithelial lining of the distal one-third of the anal canal is derived from _____.,Surface ectoderm (from the anal pit/proctodeum).
The juncture between the endoderm-derived and ectoderm-derived portions of the anal canal is the _____.,Pectinate line.
The _____ fold and the Rathke folds are the mesodermal septal systems that form the urorectal septum.,Tourneux fold.
Oligohydramnios is a condition characterized by _____.,Too little amniotic fluid.
The urachus in the adult is known as the _____.,Median umbilical ligament.
"Congenital adrenal hyperplasia (CAH) in 46,XX individuals can cause virilization of the _____.",External genitalia.
The prostatic utricle in males is a vestigial remnant of the _____.,Paramesonephric (Müllerian) duct.
The appendix testis is a remnant of the _____ in males.,Paramesonephric duct.
"In females, the _____ duct degenerates due to the absence of testosterone.",Mesonephric (Wolffian) duct.
The epoophoron and Gartner’s cyst are vestigial remnants of the _____ in females.,Mesonephric duct and tubules.
Which structure forms the definitive vaginal vestibule in females?,The urogenital plate (derived from the urogenital sinus).
"In males, the scrotum is formed by the fusion of the _____.",Labioscrotal folds (or swellings).
The solid endodermal extension that forms the penile urethra in males and the vaginal vestibule in females is the _____.,Urogenital plate.
"The development of the kidneys involves the transient formation of three systems: the pronephros, the mesonephros, and the _____.",Metanephros.
At what embryonic week does the cloacal membrane normally rupture?,Week eight.
Which hormone is specifically required to initiate and maintain the growth of the prostate gland?,Androgen (specifically dihydrotestosterone).
The ductus deferens develops from which embryonic structure?,The mesonephric duct.
The efferent ducts of the testis are derived from the _____.,Mesonephric tubules.
The seminal vesicles develop as outgrowths from the distal end of the _____.,Mesonephric ducts.
The external penile meatus is formed by the canalization of the _____.,Glans plate.
"In females, the labioscrotal folds remain unfused and become the _____.",Labia majora.