Which membrane is formed by the tight fusion of ectoderm and endoderm at the cranial end of the early embryo?,Oropharyngeal membrane
During which week of embryonic development does the oropharyngeal membrane typically break down?,4th week
Which embryonic structure serves as the primary signaling center for patterning the forebrain?,Prechordal plate
The enamel organ and tooth enamel are derivatives of which embryonic germ layer?,Surface ectoderm
"Which germ layer gives rise to the adenohypophysis, or anterior lobe of the pituitary gland?",Surface ectoderm
How many pairs of well-defined pharyngeal arches are found in the human embryo?,Four
What is the typical fate of the fifth pharyngeal arch in humans?,It never forms or regresses promptly after forming.
What is the alternative name for the first pharyngeal arch?,Mandibular arch
What is the alternative name for the second pharyngeal arch?,Hyoid arch
Which cell population is the source for the cartilaginous elements within the pharyngeal arches?,Neural crest cells
From which specific mesodermal population do the pharyngeal arch muscles derive?,Cranial head mesoderm
Which cranial nerve is associated with the first pharyngeal arch?,Trigeminal nerve (Cranial Nerve V)
Which cranial nerve is associated with the second pharyngeal arch?,Facial nerve (Cranial Nerve VII)
Which cranial nerve is associated with the third pharyngeal arch?,Glossopharyngeal nerve (Cranial Nerve IX)
Which two middle ear ossicles are derived from the first-arch cartilage?,Malleus and incus
Which middle ear ossicle is a skeletal derivative of the second pharyngeal arch?,Stapes
The lower rim and part of the body of the hyoid bone are derived from which pharyngeal arch?,Third arch
Which muscle is the sole derivative of the third pharyngeal arch?,Stylopharyngeus
The intrinsic muscles of the tongue originate from myoblasts of which structure?,Occipital somites
Which cranial nerve provides motor innervation to the intrinsic muscles of the tongue?,Hypoglossal nerve (Cranial Nerve XII)
From which specific site on the developing tongue does the thyroid gland primordium evaginate?,Foramen cecum
The tympanic cavity and auditory tube are derived from which pharyngeal pouch?,First pouch
Which structure provides the calcitonin-producing C-cells that incorporate into the thyroid gland?,Ultimobranchial body
List the five prominences that form the basic morphology of the human face.,"Frontonasal, two maxillary, and two mandibular prominences."
The mesenchyme of the frontonasal prominence originates from neural crest cells of which brain regions?,Midbrain and forebrain
Which ectodermal thickenings on the frontonasal prominence invaginate to form the nasal cavity?,Nasal placodes
What is the term for the primitive oral cavity located between the facial prominences?,Stomodeum
Surgical ablation of the prechordal plate in vertebrate models results in which midline defect?,Cyclopia
Which two signaling molecules are characteristic of the frontonasal ectodermal zone (FEZ)?,Shh and Fgf8
The connective tissue components of the extrinsic ocular muscles are derived from which cell type?,Neural crest cells
The external ear (auricle) develops from the fusion of how many auricular hillocks?,Six
Which two pharyngeal arches contribute to the formation of the auricular hillocks?,First and second arches
During which developmental timeframe are the human eyelids typically fused?,8th week to the 5th month
The 'new head hypothesis' posits that the vertebrate head evolved via structures derived from _____.,Neural crest cells
At which skeletal interface does the neural crest-mesoderm boundary lie in the cranial base?,Sphenoid-occipital interface
The occipital bone of the skull base is derived from which embryonic source?,Mesoderm
The cornea and lens epithelia originate from which embryonic germ layer?,Surface ectoderm
The retina and optic nerve are derivatives of which embryonic germ layer?,Neuroectoderm
The muscles of mastication are derivatives of which pharyngeal arch?,First arch
Which muscle of the first arch is responsible for dampening sound by acting on the malleus?,Tensor tympani
The muscles of facial expression are derived from which pharyngeal arch?,Second arch
What is the name of the cartilage associated with the first pharyngeal arch?,Meckel's cartilage
Which pharyngeal arch gives rise to the thyroid and epiglottal laryngeal cartilages?,Fourth arch
The secondary palate is formed by the fusion of palatine shelves derived from the _____ prominences.,Maxillary
Which germ layer lines the interior of the first pharyngeal pouch?,Endoderm
The inferior parathyroid glands and the thymus develop from which pharyngeal pouch?,Third pouch
The dentin of the teeth is derived from which embryonic germ layer product?,Head mesoderm
Which primary brain vesicle develops into the forebrain?,Prosencephalon
Which primary brain vesicle develops into the hindbrain?,Rhombencephalon
The mucosa of the anterior two-thirds of the tongue is derived from which pharyngeal arch?,First arch
The mucosa of the posterior one-third of the tongue is primarily derived from which pharyngeal arch?,Third arch
In what chronological progression do the pharyngeal arches typically form?,Craniocaudal succession
The mucosa of the oral cavity is a derivative of which germ layer?,Surface ectoderm
Which specific branch of the Vagus nerve (X) innervates the muscles of the fourth pharyngeal arch?,Superior laryngeal branch
What embryonic process translocates the oropharyngeal membrane to the region of the future mouth?,Body folding (Cranial folding)
The skeletal elements of the first pharyngeal arch are patterned by which gene code?,Dlx code
Rhombomeres are associated with the expression of specific combinations of _____ genes.,Hox
Which cranial nerve branch is associated with the taste buds of the anterior two-thirds of the tongue?,Chorda tympani (branch of VII)
The maxillary and mandibular processes arise from which pharyngeal arch?,First arch
Which structure derived from the third and fourth arches overgrows the second arch during tongue development?,Hypopharyngeal eminence
Closure of the cranial neuropore typically occurs on which day of development?,Day 24
Closure of the caudal neuropore typically occurs on which day of development?,Day 26
The styloid process and stylohyoid ligament are skeletal derivatives of which pharyngeal arch?,Second arch
The intrinsic laryngeal muscles are derived from which pharyngeal arch?,Sixth arch
Which facial feature is formed by the fusion of the two medial nasal processes?,Philtrum of the upper lip
Failure of the facial prominences to grow and join correctly results in which class of congenital defects?,"Facial clefts (e.g., cleft lip and cleft palate)"