What is the status of a centralized national HTA agency in the Italian health system?,Italy does not have a single national HTA agency.
The Italian approach to HTA is characterized by absolute _____ based on the subsidiarity principle.,decentralization
Which principle dictates the devolution of health-care provision responsibilities to the Italian regions?,Subsidiarity
What central institution was created in 1997 to support the development and coordination of regional health services in Italy?,National Agency for Regional Health Care Services (ASSR).
"In 2007, the Italian ASSR was given the specific mandate to promote and support _____ HTA activities.",regional
Where is HTA capacity typically integrated within the Italian organizational structure at the micro level?,"Within the specific institution it supports, such as a hospital or local health administration."
What is the intended benefit of the 'structural closeness' between assessors and decision-makers in Italian hospital-based HTA?,Increased HTA responsiveness to contextual factors and increased impact.
Concept: Hospital-based HTA,Definition: HTA units integrated into single hospitals or trusts to support management decisions and clinical governance. Example: Agostino Gemelli University Hospital.
The integration of HTA units in Italian university hospitals has a 'signalling effect' that contributes to the _____ of a culture of assessment among clinicians.,diffusion
Which specific directorate houses the HTA unit at the Agostino Gemelli University Hospital in Rome?,Medical Directorate
How does the HTA unit at Agostino Gemelli support the selection of new technologies?,By applying an ad hoc assessment grid designed to incorporate the hospital's strategic goals.
"In the context of applied economics, the cost of an investment includes the acquisition expense and the _____.",foregone advantages from the non-selection of alternative options (opportunity cost).
Economic evaluation in healthcare is the comparative analysis of alternative actions in terms of both _____ and _____.,costs; consequences
What is the primary role of the Italian HTA network established in 2003?,To share methods and tools for applying HTA logic to support decision-making at the hospital level.
"From a geographical perspective, the administrative level of regional or provincial health authorities represents the _____ level.",meso
"At the macro level, what type of technological decision-making is typically highly formalized and centralized in Europe?",Market approval or licensing.
"In applied economics, what is the 'shadow price' of public expenditure?","The ratio \frac{v}{k}, representing the value of collective resource compared to private resource."
What does a ratio of \frac{v}{k} > 1 imply about the fiscal reality of a health system?,Public expenditure is scarce and more valuable relative to private consumption.
"In the context of cost-benefit analysis, what does 'v' represent?","The consumption value of a unit of health (e.g., a QALY)."
"In the context of health opportunity costs, what does 'k' represent?",The health lost by others when public funds are diverted to a new technology.
"Under a fixed budget scenario, the opportunity cost of adopting a new technology is the _____ of the existing programmes that are displaced.",net benefit
What type of evidence is 'context-sensitive scientific evidence'?,Evidence elucidating if a technology will work and be of value in a specific local context.
The organization of the availability and delivery of specific technologies for which coverage has been granted is a concern of the _____ and _____ levels.,macro; meso
"In the Italian network model, what is used to identify organizational and methodological standards for the national health service?",Benchmarking of the competences and processes of partner organizations against international standards.
How does the 'assessment-appraisal tandem' function in policy-making?,"Assessment produces technical information, while appraisal combines it with values and resources to reach a decision."
Which domain of an HTA report focuses on how material and financial resources must be activated and organized for a technology?,Organizational aspects
"In economic evaluation, what term describes an improvement where benefits accrue to some with no cost to others?",Pareto improvement
Concept: Directly allocatable costs,"Definition: Costs of a programme that are immediately identifiable, such as physician fees, laboratory tests, and drugs."
What is the purpose of an 'allocation basis' in hospital cost analysis?,To distribute shared overhead costs to specific departments based on a measure related to usage.
"In hospital costing, square meters of floor space is a common allocation basis for _____ costs.",housekeeping
What is the primary distinction between WTP for a certain health outcome (W) and WTP for a treatment with uncertain outcomes (W^{*})?,Uncertainty on the supply side regarding treatment effectiveness.
What is 'Willingness-to-Pay for access' (W^{**})?,The value an individual places on a health programme when both future need and treatment outcomes are uncertain.
"Revealed preference studies, such as wage-risk studies, infer health value by observing _____ made in other markets.",trade-offs
What are 'humanitarian spillovers' in the context of health externalities?,The utility a person derives from the knowledge that others can access needed health services.
"According to the Drummond model, why must market prices sometimes be adjusted for cost analysis?","Market imperfections, such as monopolies or government subsidies, cause prices to deviate from true opportunity costs."
The WHO defines the health system as consisting of all _____ and _____ whose primary purpose is to improve health.,people; actions
What constitutes the 'benefit basket' in a health system?,The boundary between services financed by public money and those financed fully by individuals.
How do coverage decisions differ from market approval decisions?,Market approval concerns safety and efficacy; coverage concerns whether the system will pay for the technology.
"In the Italian healthcare system, the selection of technologies for a specific provider involves dialogue between _____ and _____ staff.",clinical; managerial
What is the function of the Medical Directorate in hospital-based HTA units?,To provide professional skills and competencies to overcome scientific barriers in management decisions.
"In Italy, HTA's role in hospital sector investment decisions is not yet systematically enforced by _____.",law
What is 'colloquial evidence'?,"Information not generated by scientific research, such as professional opinion, values, and stakeholder views."
"Health technology assessment is defined as a _____ process that summarizes medical, social, economic, and ethical information.",multidisciplinary
What is the primary economic reason to value health effects based on 'shadow prices'?,Competitive and undistorted markets for health care do not exist.
"In a hospital costing model, what is step 3 of the allocation process?",Allocate the remainder of hospital operating expenses based on a measure like patient-days.
The OECD functional definition of health care includes the application of _____ to promote health and prevent disease.,technology
Why is 'timeliness' a noted advantage of hospital-based HTA models?,It allows assessments to meet the immediate needs of local decision-makers.
What is the 'welfarist' view of health care programmes?,Programs should be judged on whether they represent a potential Pareto improvement as measured by individual utility.
"In the Italian health system, the integration of HTA units within university hospitals helps overcome _____ and _____ barriers to HTA impact.",organizational; scientific
What does 'consumer surplus' represent in the aggregation of health programme benefits?,The difference between what individuals are willing to pay and the actual price they pay.
A 'bidding algorithm' is used in WTP studies to determine what specific value?,The maximum additional premium an individual would pay for health coverage.
What is the main challenge of implementing 'negative decisions' (denying coverage) in a clinical setting?,Customary practice established during periods of conditional coverage makes denial difficult.
"In Italy, regional health services are supported and coordinated at the central level by the _____.",Agenas (formerly ASSR)
How does HTA act as a 'shared language' in a healthcare organization?,By combining clinical and socioeconomic variables to synthesize issues for all involved actors.
"Which HTA domain analyzes work processes, patient flows, and management structures?",Organizational aspects
"In the Italian model, the 'structural closeness' of assessors to clinicians is specifically intended to increase HTA impact in _____ units.",hospital-based
What is the 'Lisbon Strategy for Growth and Jobs' relation to health technology?,It served as the basis for the Pharmaceutical Forum to balance public health with industry competitiveness.
"In economic evaluation, if a project increases health for some but decreases it for others, it is still a potential Pareto improvement if the gainers can _____ the losers.",compensate
At what administrative level are decisions regarding the financing of the health system and provider payment typically taken in Europe?,Macro level (national or regional governments).
The 2003 Italian project aimed at introducing HTA into the _____ process of the Italian health system.,management