"From a geographic perspective, what does the macro level of a health system typically represent?","International and national institutions, such as central government."
"In the context of health system organizational levels, what institutions constitute the meso level?",Regional or provincial health authorities.
The micro level of health-care organization refers to _____ institutions.,Local
What is the primary organizational characteristic of the Italian health system approach?,Absolute decentralization.
The decentralization of the Italian health system is based on the principle of _____.,Subsidiarity
"In Italy, responsibilities for health-care provision have been delegated to the regions through a process called _____.",Devolution
Which central institution in Italy was created in 1997 to support and coordinate regional health services?,The National Agency for Regional Health Care Services (ASSR).
Under which Italian body does the National Agency for Regional Health Care Services (ASSR) operate?,The Ministry of Health.
What specific mandate was given to the ASSR in 2007 regarding health technology?,To promote and support regional Health Technology Assessment (HTA) activities.
"As of 2008, what was a notable absence in the Italian national HTA infrastructure compared to other European countries?",A national HTA agency.
What project did the Italian Ministry of Health initiate in 2003 to support health system management?,Introducing HTA into the management process of the Italian health system.
How many partner organizations were involved in the initial Italian HTA network established in 2003?,Ten
Which local-level entities are included in the Italian HTA network partners?,Hospital-based HTA units in academic medical centers and research hospitals.
Which meso-level entities are part of the Italian HTA network structure?,Regional and local health authorities.
What is a primary organizational goal of the Italian HTA network regarding methodology?,To share methods and tools for applying HTA logic to support decision-making.
The Italian HTA network aims to identify an organizational and methodological _____ from the best experiences of its partners.,Standard
To what are the competences and processes of the Italian HTA network partners compared for improvement?,International benchmarks.
The Italian network is developing an accredited _____ on HTA to build professional capacity among providers.,Curriculum
Where is HTA capacity typically integrated within the Italian organizational structure?,"Within the institution it supports, such as a hospital or local health administration."
"In Italy, HTA capacity can be organized as a formal unit or as part of _____.",Other departments
What is the intended benefit of the 'structural closeness' between Italian HTA assessors and managerial decision-makers?,Increased responsiveness to contextual factors and greater impact.
The National Agency for Regional Health Care Services is known by the Italian acronym _____.,ASSR
What type of technical output is the ASSR mandated to produce for the regions?,HTA reports tailored for the Italian context.
What role does the ASSR play regarding the dissemination of HTA information?,Diffusion of reports to the regions and health authorities.
The hospital-based HTA model in Italy focuses primarily on clinical governance and _____.,Hospital management decisions
What 'signaling effect' does an HTA unit have on clinicians within highly complex organizations?,It contributes to the diffusion of a culture of assessment and evaluation.
How are local clinicians involved in the Italian hospital-based HTA model?,By participating directly in the assessments.
In which city's university hospital is the Italian hospital-based HTA model specifically illustrated in the text?,Rome
"In the Italian approach, who are the primary decision-makers supported by hospital-based HTA units?",Managers and clinicians.
What is the primary purpose of the decentralization of health-care provision to the Italian regions?,To apply the subsidiarity principle in health system management.
Concept: Subsidiarity in Italian Health Policy,Definition: A principle where health-care responsibilities are handled by the least centralized competent authority (the regions).
Which level of government in Italy is responsible for the general direction of health-care system policy?,The central government (Macro level).
What was the initial primary purpose of the ASSR upon its creation in 1997?,To support the development and coordination of regional health services.
The Italian HTA network seeks to apply HTA logic mainly at the _____ level.,Hospital
"Organizationally, how does the Italian HTA network ensure its methods are valid?",By analyzing and comparing partner competences to international benchmarks.
Why is the integration of HTA into hospital structures considered successful in Italy?,It fosters an evaluation culture and involves local clinical expertise.
The Italian ASSR stands for Agenzia Nationale per i _____.,Servizi Sanitari Regionali
Which body financed the 2003 project aimed at introducing HTA into the Italian health system?,The Ministry of Health.
"In the Italian HTA network, what does 'professional HTA capacity' refer to?",The ability of health-care providers to conduct assessments within their own organizations.
How does the 'structural closeness' in Italy affect the timeline of HTA?,It is expected to improve the timeliness and relevance of assessments for decision-makers.
What organizational entities are responsible for health-care provision according to the principle of devolution in Italy?,The regions.
Term: Hospital-based HTA,Definition: HTA activities integrated into a single hospital or trust to inform management and clinical decisions.
Which organizational level in Italy is responsible for the 'general direction' of health plans?,National and regional executives (Macro level).
What was the status of regional HTA interest in Italy following the initial network project?,There was great interest from organizations not originally involved to establish their own units.
How does the Italian decentralized HTA model differ from a centralized national agency model?,It places HTA capacity directly within regional and local management structures rather than in one national body.
What is the relationship between the ASSR and the regional health authorities?,The ASSR supports and promotes regional activities and diffuses HTA reports to them.
The focus of hospital-based HTA in Italy is often on _____ governance.,Clinical
"In the Italian health system, the 'management level' where HTA units are often established includes hospitals and _____.",Regional health authorities
What signaled the 'preliminary success' of the Italian HTA network?,The demand from new organizations to participate and establish HTA structures.
"In the Italian context, what role does the 'Ministry of Health' play in HTA as of 2007?","It oversees the ASSR, which promotes regional HTA activities."
Organizational units in Italy that work on HTA principles but are not in INAHTA contribute to _____ HTA activities.,European